<TICKER>,<PER>,<DATE>,<TIME>,<CLOSE>
SANDP-FUT,60,20200121,100000,3321.0000000
SANDP-FUT,60,20200121,110000,3325.0000000
SANDP-FUT,60,20200121,120000,3327.8000000
SANDP-FUT,60,20200121,150000,3325.2000000
SANDP-FUT,60,20200121,160000,3319.5000000
SANDP-FUT,60,20200121,210000,3332.4000000
SANDP-FUT,60,20200121,230000,3334.3000000
SANDP-FUT,60,20200122,040000,3333.1000000
SANDP-FUT,60,20200122,060000,3332.0000000
SANDP-FUT,60,20200122,090000,3333.5000000
SANDP-FUT,60,20200122,110000,3332.0000000
SANDP-FUT,60,20200122,120000,3328.0000000
SANDP-FUT,60,20200122,160000,3319.8000000
SANDP-FUT,60,20200122,190000,3317.2000000
SANDP-FUT,60,20200122,210000,3317.9000000
SANDP-FUT,60,20200123,020000,3319.7000000
SANDP-FUT,60,20200123,030000,3317.7000000
SANDP-FUT,60,20200123,050000,3320.4000000
SANDP-FUT,60,20200123,080000,3315.2000000
SANDP-FUT,60,20200123,100000,3312.0000000
SANDP-FUT,60,20200123,110000,3305.5000000
SANDP-FUT,60,20200123,160000,3326.0000000
SANDP-FUT,60,20200124,030000,3335.3000000
SANDP-FUT,60,20200124,050000,3331.8000000
SANDP-FUT,60,20200124,080000,3333.1000000
SANDP-FUT,60,20200124,090000,3327.8000000
SANDP-FUT,60,20200124,100000,3318.5000000
SANDP-FUT,60,20200124,130000,3290.0000000
SANDP-FUT,60,20200124,140000,3283.8000000
SANDP-FUT,60,20200124,150000,3296.5000000
SANDP-FUT,60,20200124,160000,3292.3000000
SANDP-FUT,60,20200126,180000,3258.4000000
SANDP-FUT,60,20200126,190000,3264.5000000
SANDP-FUT,60,20200127,020000,3260.0000000
SANDP-FUT,60,20200127,030000,3263.4000000
SANDP-FUT,60,20200127,040000,3250.0000000
SANDP-FUT,60,20200127,050000,3247.0000000
SANDP-FUT,60,20200127,060000,3246.9000000
SANDP-FUT,60,20200127,070000,3249.2000000
SANDP-FUT,60,20200127,080000,3244.6000000
SANDP-FUT,60,20200127,090000,3247.0000000
SANDP-FUT,60,20200127,100000,3245.5000000
SANDP-FUT,60,20200127,110000,3240.5000000
SANDP-FUT,60,20200127,130000,3254.8000000
SANDP-FUT,60,20200127,150000,3243.0000000
SANDP-FUT,60,20200127,160000,3241.7000000
SANDP-FUT,60,20200127,180000,3246.2000000
SANDP-FUT,60,20200127,200000,3251.0000000
SANDP-FUT,60,20200127,230000,3255.1000000
SANDP-FUT,60,20200128,000000,3256.8000000
SANDP-FUT,60,20200128,010000,3260.0000000
SANDP-FUT,60,20200128,030000,3253.1000000
SANDP-FUT,60,20200128,060000,3248.8000000
SANDP-FUT,60,20200128,070000,3260.9000000
SANDP-FUT,60,20200128,080000,3258.7000000
SANDP-FUT,60,20200128,090000,3257.0000000
SANDP-FUT,60,20200128,100000,3275.0000000
SANDP-FUT,60,20200128,110000,3278.5000000
SANDP-FUT,60,20200128,130000,3277.0000000
SANDP-FUT,60,20200128,140000,3283.5000000
SANDP-FUT,60,20200128,150000,3282.5000000
SANDP-FUT,60,20200128,160000,3279.7000000
SANDP-FUT,60,20200128,200000,3289.3000000
SANDP-FUT,60,20200129,010000,3287.3000000
SANDP-FUT,60,20200129,020000,3284.5000000
SANDP-FUT,60,20200129,030000,3285.3000000
SANDP-FUT,60,20200129,070000,3292.5000000
SANDP-FUT,60,20200129,080000,3286.0000000
SANDP-FUT,60,20200129,090000,3281.0000000
SANDP-FUT,60,20200129,100000,3273.5000000
SANDP-FUT,60,20200129,110000,3284.2000000
SANDP-FUT,60,20200129,130000,3285.0000000
SANDP-FUT,60,20200129,150000,3274.0000000
SANDP-FUT,60,20200129,160000,3272.4000000
SANDP-FUT,60,20200129,190000,3268.5000000
SANDP-FUT,60,20200129,200000,3267.7000000
SANDP-FUT,60,20200129,210000,3257.4000000
SANDP-FUT,60,20200130,000000,3252.8000000
SANDP-FUT,60,20200130,020000,3246.8000000
SANDP-FUT,60,20200130,030000,3249.0000000
SANDP-FUT,60,20200130,040000,3251.4000000
SANDP-FUT,60,20200130,080000,3256.2000000
SANDP-FUT,60,20200130,090000,3263.0000000
SANDP-FUT,60,20200130,100000,3244.0000000
SANDP-FUT,60,20200130,110000,3254.0000000
SANDP-FUT,60,20200130,120000,3247.0000000
SANDP-FUT,60,20200130,140000,3261.0000000
SANDP-FUT,60,20200130,150000,3281.5000000
SANDP-FUT,60,20200130,160000,3293.0000000
SANDP-FUT,60,20200130,190000,3288.8000000
SANDP-FUT,60,20200130,200000,3291.7000000
SANDP-FUT,60,20200131,020000,3286.0000000
SANDP-FUT,60,20200131,060000,3274.1000000
SANDP-FUT,60,20200131,080000,3274.0000000
SANDP-FUT,60,20200131,090000,3261.0000000
SANDP-FUT,60,20200131,100000,3245.0000000
SANDP-FUT,60,20200131,110000,3243.0000000
SANDP-FUT,60,20200131,120000,3235.2000000
SANDP-FUT,60,20200131,130000,3223.0000000
SANDP-FUT,60,20200131,140000,3235.0000000
SANDP-FUT,60,20200131,150000,3215.3000000
SANDP-FUT,60,20200131,160000,3227.5000000
SANDP-FUT,60,20200202,180000,3234.4000000
SANDP-FUT,60,20200202,200000,3247.4000000
SANDP-FUT,60,20200202,210000,3242.9000000
SANDP-FUT,60,20200203,000000,3246.0000000
SANDP-FUT,60,20200203,020000,3245.0000000
SANDP-FUT,60,20200203,030000,3241.3000000
SANDP-FUT,60,20200203,050000,3235.7000000
SANDP-FUT,60,20200203,060000,3240.7000000
SANDP-FUT,60,20200203,090000,3257.2000000
SANDP-FUT,60,20200203,100000,3257.3000000
SANDP-FUT,60,20200203,110000,3249.5000000
SANDP-FUT,60,20200203,160000,3245.6000000
SANDP-FUT,60,20200203,180000,3239.1000000
SANDP-FUT,60,20200203,200000,3250.2000000
SANDP-FUT,60,20200203,220000,3262.7000000
SANDP-FUT,60,20200204,000000,3265.1000000
SANDP-FUT,60,20200204,020000,3265.6000000
SANDP-FUT,60,20200204,030000,3279.0000000
SANDP-FUT,60,20200204,040000,3283.5000000
SANDP-FUT,60,20200204,060000,3280.6000000
SANDP-FUT,60,20200204,070000,3285.7000000
SANDP-FUT,60,20200204,090000,3286.0000000
SANDP-FUT,60,20200204,100000,3293.0000000
SANDP-FUT,60,20200204,110000,3301.7000000
SANDP-FUT,60,20200204,120000,3301.0000000
SANDP-FUT,60,20200204,130000,3300.0000000
SANDP-FUT,60,20200204,150000,3294.5000000
SANDP-FUT,60,20200204,160000,3299.5000000
SANDP-FUT,60,20200205,010000,3292.5000000
SANDP-FUT,60,20200205,030000,3306.7000000
SANDP-FUT,60,20200205,050000,3325.0000000
SANDP-FUT,60,20200205,060000,3323.5000000
SANDP-FUT,60,20200205,070000,3321.3000000
SANDP-FUT,60,20200205,080000,3327.0000000
SANDP-FUT,60,20200205,100000,3319.5000000
SANDP-FUT,60,20200205,110000,3319.5000000
SANDP-FUT,60,20200205,130000,3326.0000000
SANDP-FUT,60,20200205,150000,3331.5000000
SANDP-FUT,60,20200205,160000,3335.0000000
SANDP-FUT,60,20200205,200000,3345.1000000
SANDP-FUT,60,20200205,210000,3346.7000000
SANDP-FUT,60,20200205,230000,3352.0000000
SANDP-FUT,60,20200206,040000,3349.0000000
SANDP-FUT,60,20200206,070000,3344.3000000
SANDP-FUT,60,20200206,090000,3336.0000000
SANDP-FUT,60,20200206,100000,3343.0000000
SANDP-FUT,60,20200206,110000,3343.0000000
SANDP-FUT,60,20200206,150000,3343.0000000
SANDP-FUT,60,20200206,160000,3345.6000000
SANDP-FUT,60,20200207,030000,3340.9000000
SANDP-FUT,60,20200207,050000,3334.0000000
SANDP-FUT,60,20200207,060000,3327.0000000
SANDP-FUT,60,20200207,070000,3335.6000000
SANDP-FUT,60,20200207,080000,3334.6000000
SANDP-FUT,60,20200207,090000,3332.7000000
SANDP-FUT,60,20200207,110000,3338.0000000
SANDP-FUT,60,20200207,120000,3336.5000000
SANDP-FUT,60,20200207,130000,3331.0000000
SANDP-FUT,60,20200207,140000,3328.5000000
SANDP-FUT,60,20200207,150000,3328.0000000
SANDP-FUT,60,20200207,160000,3325.5000000
SANDP-FUT,60,20200209,180000,3306.8000000
SANDP-FUT,60,20200209,190000,3313.7000000
SANDP-FUT,60,20200209,200000,3317.3000000
SANDP-FUT,60,20200210,020000,3327.2000000
SANDP-FUT,60,20200210,050000,3326.6000000
SANDP-FUT,60,20200210,070000,3326.2000000
SANDP-FUT,60,20200210,080000,3325.1000000
SANDP-FUT,60,20200210,090000,3326.0000000
SANDP-FUT,60,20200210,110000,3340.5000000
SANDP-FUT,60,20200210,120000,3335.3000000
SANDP-FUT,60,20200210,160000,3352.6000000
SANDP-FUT,60,20200210,180000,3352.4000000
SANDP-FUT,60,20200211,010000,3363.0000000
SANDP-FUT,60,20200211,020000,3360.5000000
SANDP-FUT,60,20200211,070000,3359.6000000
SANDP-FUT,60,20200211,080000,3365.0000000
SANDP-FUT,60,20200211,100000,3371.0000000
SANDP-FUT,60,20200211,110000,3365.0000000
SANDP-FUT,60,20200211,120000,3364.5000000
SANDP-FUT,60,20200211,160000,3357.6000000
SANDP-FUT,60,20200211,200000,3359.6000000
SANDP-FUT,60,20200212,020000,3366.2000000
SANDP-FUT,60,20200212,030000,3370.0000000
SANDP-FUT,60,20200212,040000,3369.9000000
SANDP-FUT,60,20200212,060000,3370.9000000
SANDP-FUT,60,20200212,070000,3371.6000000
SANDP-FUT,60,20200212,080000,3372.0000000
SANDP-FUT,60,20200212,090000,3375.0000000
SANDP-FUT,60,20200212,100000,3370.5000000
SANDP-FUT,60,20200212,110000,3375.3000000
SANDP-FUT,60,20200212,120000,3376.0000000
SANDP-FUT,60,20200212,130000,3373.0000000
SANDP-FUT,60,20200212,150000,3376.0000000
SANDP-FUT,60,20200212,160000,3380.5000000
SANDP-FUT,60,20200212,180000,3365.0000000
SANDP-FUT,60,20200213,010000,3367.3000000
SANDP-FUT,60,20200213,020000,3366.2000000
SANDP-FUT,60,20200213,040000,3357.0000000
SANDP-FUT,60,20200213,050000,3358.3000000
SANDP-FUT,60,20200213,080000,3360.1000000
SANDP-FUT,60,20200213,090000,3371.0000000
SANDP-FUT,60,20200213,100000,3373.0000000
SANDP-FUT,60,20200213,110000,3375.0000000
SANDP-FUT,60,20200213,130000,3375.0000000
SANDP-FUT,60,20200213,150000,3375.0000000
SANDP-FUT,60,20200213,160000,3377.4000000
SANDP-FUT,60,20200213,180000,3376.0000000
SANDP-FUT,60,20200213,200000,3378.2000000
SANDP-FUT,60,20200214,030000,3381.9000000
SANDP-FUT,60,20200214,060000,3382.8000000
SANDP-FUT,60,20200214,070000,3386.0000000
SANDP-FUT,60,20200214,080000,3379.7000000
SANDP-FUT,60,20200214,090000,3374.5000000
SANDP-FUT,60,20200214,100000,3373.0000000
SANDP-FUT,60,20200214,130000,3370.0000000
SANDP-FUT,60,20200214,150000,3371.5000000
SANDP-FUT,60,20200214,160000,3380.9000000
SANDP-FUT,60,20200217,030000,3387.5000000
SANDP-FUT,60,20200217,040000,3388.5000000
SANDP-FUT,60,20200217,050000,3389.3000000
SANDP-FUT,60,20200217,070000,3387.3000000
SANDP-FUT,60,20200217,090000,3387.4000000
SANDP-FUT,60,20200217,110000,3388.6000000
SANDP-FUT,60,20200217,120000,3388.3000000
SANDP-FUT,60,20200217,180000,3373.1000000
SANDP-FUT,60,20200217,190000,3373.3000000
SANDP-FUT,60,20200218,020000,3368.9000000
SANDP-FUT,60,20200218,040000,3363.8000000
SANDP-FUT,60,20200218,050000,3367.0000000
SANDP-FUT,60,20200218,060000,3365.0000000
SANDP-FUT,60,20200218,080000,3367.2000000
SANDP-FUT,60,20200218,090000,3373.0000000
SANDP-FUT,60,20200218,110000,3358.5000000
SANDP-FUT,60,20200218,160000,3370.7000000
SANDP-FUT,60,20200218,180000,3378.4000000
SANDP-FUT,60,20200218,190000,3375.6000000
SANDP-FUT,60,20200219,020000,3379.2000000
SANDP-FUT,60,20200219,050000,3376.9000000
SANDP-FUT,60,20200219,080000,3378.3000000
SANDP-FUT,60,20200219,090000,3386.5000000
SANDP-FUT,60,20200219,130000,3390.0000000
SANDP-FUT,60,20200219,140000,3393.0000000
SANDP-FUT,60,20200219,160000,3387.2000000
SANDP-FUT,60,20200219,190000,3394.9000000
SANDP-FUT,60,20200219,200000,3391.0000000
SANDP-FUT,60,20200220,080000,3381.5000000
SANDP-FUT,60,20200220,090000,3382.5000000
SANDP-FUT,60,20200220,100000,3387.0000000
SANDP-FUT,60,20200220,120000,3350.2000000
SANDP-FUT,60,20200220,130000,3364.8000000
SANDP-FUT,60,20200220,150000,3370.0000000
SANDP-FUT,60,20200220,160000,3369.2000000
SANDP-FUT,60,20200220,180000,3357.6000000
SANDP-FUT,60,20200220,190000,3360.9000000
SANDP-FUT,60,20200220,200000,3360.7000000
SANDP-FUT,60,20200220,210000,3358.2000000
SANDP-FUT,60,20200221,000000,3355.2000000
SANDP-FUT,60,20200221,050000,3354.4000000
SANDP-FUT,60,20200221,070000,3362.1000000
SANDP-FUT,60,20200221,090000,3356.0000000
SANDP-FUT,60,20200221,100000,3342.0000000
SANDP-FUT,60,20200221,120000,3343.5000000
SANDP-FUT,60,20200221,130000,3338.0000000
SANDP-FUT,60,20200221,140000,3334.0000000
SANDP-FUT,60,20200221,160000,3339.3000000
SANDP-FUT,60,20200223,180000,3293.3000000
SANDP-FUT,60,20200223,190000,3297.3000000
SANDP-FUT,60,20200223,200000,3299.0000000
SANDP-FUT,60,20200223,210000,3285.9000000
SANDP-FUT,60,20200223,220000,3287.3000000
SANDP-FUT,60,20200224,020000,3287.2000000
SANDP-FUT,60,20200224,030000,3264.5000000
SANDP-FUT,60,20200224,040000,3259.2000000
SANDP-FUT,60,20200224,050000,3246.0000000
SANDP-FUT,60,20200224,060000,3258.9000000
SANDP-FUT,60,20200224,070000,3261.0000000
SANDP-FUT,60,20200224,080000,3247.0000000
SANDP-FUT,60,20200224,100000,3248.0000000
SANDP-FUT,60,20200224,110000,3235.5000000
SANDP-FUT,60,20200224,120000,3226.0000000
SANDP-FUT,60,20200224,130000,3230.2000000
SANDP-FUT,60,20200224,140000,3241.0000000
SANDP-FUT,60,20200224,150000,3238.5000000
SANDP-FUT,60,20200224,160000,3224.0000000
SANDP-FUT,60,20200224,180000,3231.8000000
SANDP-FUT,60,20200224,190000,3247.4000000
SANDP-FUT,60,20200224,200000,3255.0000000
SANDP-FUT,60,20200224,210000,3247.3000000
SANDP-FUT,60,20200225,030000,3246.3000000
SANDP-FUT,60,20200225,040000,3239.3000000
SANDP-FUT,60,20200225,050000,3231.1000000
SANDP-FUT,60,20200225,060000,3230.4000000
SANDP-FUT,60,20200225,070000,3237.8000000
SANDP-FUT,60,20200225,080000,3239.9000000
SANDP-FUT,60,20200225,090000,3232.0000000
SANDP-FUT,60,20200225,100000,3194.5000000
SANDP-FUT,60,20200225,110000,3192.0000000
SANDP-FUT,60,20200225,120000,3171.5000000
SANDP-FUT,60,20200225,130000,3155.0000000
SANDP-FUT,60,20200225,140000,3139.0000000
SANDP-FUT,60,20200225,150000,3123.0000000
SANDP-FUT,60,20200225,160000,3140.8000000
SANDP-FUT,60,20200225,180000,3151.8000000
SANDP-FUT,60,20200225,190000,3135.4000000
SANDP-FUT,60,20200225,200000,3143.8000000
SANDP-FUT,60,20200225,210000,3155.0000000
SANDP-FUT,60,20200225,230000,3151.8000000
SANDP-FUT,60,20200226,010000,3133.9000000
SANDP-FUT,60,20200226,020000,3141.9000000
SANDP-FUT,60,20200226,030000,3123.9000000
SANDP-FUT,60,20200226,040000,3113.6000000
SANDP-FUT,60,20200226,050000,3121.0000000
SANDP-FUT,60,20200226,060000,3138.8000000
SANDP-FUT,60,20200226,070000,3137.4000000
SANDP-FUT,60,20200226,080000,3147.5000000
SANDP-FUT,60,20200226,090000,3159.2000000
SANDP-FUT,60,20200226,100000,3175.0000000
SANDP-FUT,60,20200226,110000,3155.0000000
SANDP-FUT,60,20200226,120000,3143.0000000
SANDP-FUT,60,20200226,130000,3120.0000000
SANDP-FUT,60,20200226,140000,3116.0000000
SANDP-FUT,60,20200226,150000,3119.0000000
SANDP-FUT,60,20200226,160000,3101.5000000
SANDP-FUT,60,20200226,180000,3103.6000000
SANDP-FUT,60,20200226,190000,3098.4000000
SANDP-FUT,60,20200226,200000,3086.5000000
SANDP-FUT,60,20200226,210000,3076.4000000
SANDP-FUT,60,20200226,220000,3073.0000000
SANDP-FUT,60,20200226,230000,3062.0000000
SANDP-FUT,60,20200227,000000,3062.3000000
SANDP-FUT,60,20200227,010000,3083.6000000
SANDP-FUT,60,20200227,020000,3088.4000000
SANDP-FUT,60,20200227,030000,3094.3000000
SANDP-FUT,60,20200227,040000,3091.3000000
SANDP-FUT,60,20200227,050000,3087.4000000
SANDP-FUT,60,20200227,060000,3084.8000000
SANDP-FUT,60,20200227,070000,3070.9000000
SANDP-FUT,60,20200227,080000,3062.2000000
SANDP-FUT,60,20200227,100000,3030.0000000
SANDP-FUT,60,20200227,110000,3062.0000000
SANDP-FUT,60,20200227,130000,3070.0000000
SANDP-FUT,60,20200227,140000,3035.0000000
SANDP-FUT,60,20200227,150000,3020.0000000
SANDP-FUT,60,20200227,160000,2950.3000000
SANDP-FUT,60,20200227,180000,2968.3000000
SANDP-FUT,60,20200227,190000,2965.7000000
SANDP-FUT,60,20200227,200000,2965.6000000
SANDP-FUT,60,20200227,210000,2956.9000000
SANDP-FUT,60,20200227,220000,2927.1000000
SANDP-FUT,60,20200227,230000,2937.1000000
SANDP-FUT,60,20200228,000000,2909.8000000
SANDP-FUT,60,20200228,010000,2906.6000000
SANDP-FUT,60,20200228,020000,2924.6000000
SANDP-FUT,60,20200228,030000,2913.2000000
SANDP-FUT,60,20200228,040000,2904.4000000
SANDP-FUT,60,20200228,050000,2930.7000000
SANDP-FUT,60,20200228,060000,2928.2000000
SANDP-FUT,60,20200228,070000,2938.8000000
SANDP-FUT,60,20200228,080000,2901.6000000
SANDP-FUT,60,20200228,090000,2873.0000000
SANDP-FUT,60,20200228,100000,2883.0000000
SANDP-FUT,60,20200228,110000,2942.0000000
SANDP-FUT,60,20200228,120000,2939.0000000
SANDP-FUT,60,20200228,130000,2938.0000000
SANDP-FUT,60,20200228,140000,2905.0000000
SANDP-FUT,60,20200228,150000,2908.0000000
SANDP-FUT,60,20200228,160000,2993.2000000
SANDP-FUT,60,20200301,180000,2918.1000000
SANDP-FUT,60,20200301,190000,2918.2000000
SANDP-FUT,60,20200301,200000,2945.5000000
SANDP-FUT,60,20200301,210000,2975.1000000
SANDP-FUT,60,20200301,220000,2969.3000000
SANDP-FUT,60,20200301,230000,2958.7000000
SANDP-FUT,60,20200302,000000,2969.4000000
SANDP-FUT,60,20200302,010000,2963.4000000
SANDP-FUT,60,20200302,020000,3004.5000000
SANDP-FUT,60,20200302,030000,3000.3000000
SANDP-FUT,60,20200302,040000,2963.2000000
SANDP-FUT,60,20200302,050000,2958.3000000
SANDP-FUT,60,20200302,060000,2910.7000000
SANDP-FUT,60,20200302,070000,2941.7000000
SANDP-FUT,60,20200302,080000,2954.2000000
SANDP-FUT,60,20200302,090000,2970.0000000
SANDP-FUT,60,20200302,100000,2961.0000000
SANDP-FUT,60,20200302,110000,3026.0000000
SANDP-FUT,60,20200302,120000,3031.0000000
SANDP-FUT,60,20200302,130000,3010.0000000
SANDP-FUT,60,20200302,140000,3007.0000000
SANDP-FUT,60,20200302,150000,3070.0000000
SANDP-FUT,60,20200302,160000,3070.2000000
SANDP-FUT,60,20200302,180000,3083.4000000
SANDP-FUT,60,20200302,190000,3090.5000000
SANDP-FUT,60,20200302,200000,3074.4000000
SANDP-FUT,60,20200302,210000,3075.3000000
SANDP-FUT,60,20200302,220000,3081.8000000
SANDP-FUT,60,20200302,230000,3065.8000000
SANDP-FUT,60,20200303,000000,3070.6000000
SANDP-FUT,60,20200303,010000,3070.2000000
SANDP-FUT,60,20200303,020000,3071.1000000
SANDP-FUT,60,20200303,030000,3086.3000000
SANDP-FUT,60,20200303,040000,3092.7000000
SANDP-FUT,60,20200303,050000,3092.1000000
SANDP-FUT,60,20200303,060000,3077.0000000
SANDP-FUT,60,20200303,070000,3066.5000000
SANDP-FUT,60,20200303,080000,3070.1000000
SANDP-FUT,60,20200303,090000,3069.0000000
SANDP-FUT,60,20200303,100000,3103.0000000
SANDP-FUT,60,20200303,110000,3053.0000000
SANDP-FUT,60,20200303,120000,3051.0000000
SANDP-FUT,60,20200303,130000,3026.0000000
SANDP-FUT,60,20200303,140000,2985.0000000
SANDP-FUT,60,20200303,150000,3005.0000000
SANDP-FUT,60,20200303,160000,2990.1000000
SANDP-FUT,60,20200303,180000,2985.3000000
SANDP-FUT,60,20200303,190000,3018.6000000
SANDP-FUT,60,20200303,200000,3017.3000000
SANDP-FUT,60,20200303,210000,3027.2000000
SANDP-FUT,60,20200303,220000,3033.0000000
SANDP-FUT,60,20200303,230000,3026.8000000
SANDP-FUT,60,20200304,000000,3039.9000000
SANDP-FUT,60,20200304,010000,3032.3000000
SANDP-FUT,60,20200304,020000,3043.4000000
SANDP-FUT,60,20200304,030000,3049.5000000
SANDP-FUT,60,20200304,040000,3055.1000000
SANDP-FUT,60,20200304,050000,3055.1000000
SANDP-FUT,60,20200304,060000,3058.3000000
SANDP-FUT,60,20200304,070000,3063.8000000
SANDP-FUT,60,20200304,080000,3056.3000000
SANDP-FUT,60,20200304,090000,3031.0000000
SANDP-FUT,60,20200304,100000,3051.0000000
SANDP-FUT,60,20200304,110000,3047.5000000
SANDP-FUT,60,20200304,120000,3067.5000000
SANDP-FUT,60,20200304,130000,3084.0000000
SANDP-FUT,60,20200304,150000,3095.0000000
SANDP-FUT,60,20200304,160000,3109.2000000
SANDP-FUT,60,20200304,180000,3102.1000000
SANDP-FUT,60,20200304,200000,3094.9000000
SANDP-FUT,60,20200304,210000,3092.2000000
SANDP-FUT,60,20200304,220000,3087.0000000
SANDP-FUT,60,20200305,000000,3099.7000000
SANDP-FUT,60,20200305,010000,3097.8000000
SANDP-FUT,60,20200305,020000,3086.7000000
SANDP-FUT,60,20200305,030000,3073.7000000
SANDP-FUT,60,20200305,040000,3065.8000000
SANDP-FUT,60,20200305,050000,3050.0000000
SANDP-FUT,60,20200305,060000,3053.3000000
SANDP-FUT,60,20200305,070000,3055.3000000
SANDP-FUT,60,20200305,080000,3044.1000000
SANDP-FUT,60,20200305,090000,3038.0000000
SANDP-FUT,60,20200305,100000,3067.0000000
SANDP-FUT,60,20200305,110000,3065.0000000
SANDP-FUT,60,20200305,120000,3021.0000000
SANDP-FUT,60,20200305,130000,3037.0000000
SANDP-FUT,60,20200305,140000,3025.0000000
SANDP-FUT,60,20200305,150000,3009.0000000
SANDP-FUT,60,20200305,160000,3023.7000000
SANDP-FUT,60,20200305,180000,3023.6000000
SANDP-FUT,60,20200305,190000,3032.9000000
SANDP-FUT,60,20200305,200000,3011.3000000
SANDP-FUT,60,20200305,210000,2993.7000000
SANDP-FUT,60,20200305,220000,2980.2000000
SANDP-FUT,60,20200306,000000,2974.3000000
SANDP-FUT,60,20200306,020000,2990.7000000
SANDP-FUT,60,20200306,030000,2983.8000000
SANDP-FUT,60,20200306,040000,2957.6000000
SANDP-FUT,60,20200306,050000,2941.4000000
SANDP-FUT,60,20200306,060000,2938.4000000
SANDP-FUT,60,20200306,070000,2927.5000000
SANDP-FUT,60,20200306,080000,2930.3000000
SANDP-FUT,60,20200306,090000,2926.0000000
SANDP-FUT,60,20200306,100000,2971.0000000
SANDP-FUT,60,20200306,120000,2947.0000000
SANDP-FUT,60,20200306,130000,2948.5000000
SANDP-FUT,60,20200306,140000,2905.0000000
SANDP-FUT,60,20200306,150000,2925.0000000
SANDP-FUT,60,20200306,160000,2961.9000000
SANDP-FUT,60,20200308,180000,2838.0000000
SANDP-FUT,60,20200308,190000,2821.7000000
SANDP-FUT,60,20200308,200000,2836.2000000
SANDP-FUT,60,20200308,210000,2831.1000000
SANDP-FUT,60,20200308,230000,2819.9000000
SANDP-FUT,60,20200309,030000,2819.0000000
SANDP-FUT,60,20200309,050000,2821.8000000
SANDP-FUT,60,20200309,100000,2788.0000000
SANDP-FUT,60,20200309,110000,2818.0000000
SANDP-FUT,60,20200309,120000,2794.0000000
SANDP-FUT,60,20200309,130000,2760.0000000
SANDP-FUT,60,20200309,140000,2762.0000000
SANDP-FUT,60,20200309,160000,2734.0000000
SANDP-FUT,60,20200309,180000,2760.0000000
SANDP-FUT,60,20200309,190000,2803.3000000
SANDP-FUT,60,20200309,210000,2818.0000000
SANDP-FUT,60,20200310,000000,2818.4000000
SANDP-FUT,60,20200310,010000,2839.5000000
SANDP-FUT,60,20200310,020000,2845.9000000
SANDP-FUT,60,20200310,030000,2815.6000000
SANDP-FUT,60,20200310,040000,2849.9000000
SANDP-FUT,60,20200310,050000,2874.3000000
SANDP-FUT,60,20200310,060000,2874.4000000
SANDP-FUT,60,20200310,070000,2851.8000000
SANDP-FUT,60,20200310,080000,2837.8000000
SANDP-FUT,60,20200310,090000,2822.0000000
SANDP-FUT,60,20200310,100000,2807.0000000
SANDP-FUT,60,20200310,120000,2775.0000000
SANDP-FUT,60,20200310,140000,2820.0000000
SANDP-FUT,60,20200310,150000,2868.0000000
SANDP-FUT,60,20200310,160000,2869.1000000
SANDP-FUT,60,20200310,180000,2836.0000000
SANDP-FUT,60,20200310,190000,2823.1000000
SANDP-FUT,60,20200310,200000,2816.7000000
SANDP-FUT,60,20200310,210000,2803.3000000
SANDP-FUT,60,20200310,220000,2793.5000000
SANDP-FUT,60,20200311,000000,2802.2000000
SANDP-FUT,60,20200311,010000,2783.1000000
SANDP-FUT,60,20200311,020000,2801.0000000
SANDP-FUT,60,20200311,030000,2809.5000000
SANDP-FUT,60,20200311,040000,2830.7000000
SANDP-FUT,60,20200311,060000,2810.0000000
SANDP-FUT,60,20200311,070000,2788.0000000
SANDP-FUT,60,20200311,080000,2776.7000000
SANDP-FUT,60,20200311,090000,2779.6000000
SANDP-FUT,60,20200311,100000,2784.0000000
SANDP-FUT,60,20200311,110000,2764.0000000
SANDP-FUT,60,20200311,120000,2758.0000000
SANDP-FUT,60,20200311,130000,2759.0000000
SANDP-FUT,60,20200311,140000,2729.0000000
SANDP-FUT,60,20200311,150000,2735.0000000
SANDP-FUT,60,20200311,160000,2743.6000000
SANDP-FUT,60,20200312,100000,2560.0000000
SANDP-FUT,60,20200312,140000,2520.0000000
SANDP-FUT,60,20200312,150000,2482.0000000
SANDP-FUT,60,20200312,160000,2456.0000000
SANDP-FUT,60,20200312,180000,2414.9000000
SANDP-FUT,60,20200312,190000,2421.2000000
SANDP-FUT,60,20200312,200000,2444.9000000
SANDP-FUT,60,20200312,210000,2405.3000000
SANDP-FUT,60,20200312,220000,2402.3000000
SANDP-FUT,60,20200312,230000,2384.9000000
SANDP-FUT,60,20200313,000000,2465.2000000
SANDP-FUT,60,20200313,010000,2510.2000000
SANDP-FUT,60,20200313,020000,2502.3000000
SANDP-FUT,60,20200313,030000,2567.2000000
SANDP-FUT,60,20200313,040000,2523.4000000
SANDP-FUT,60,20200313,050000,2541.0000000
SANDP-FUT,60,20200313,060000,2564.5000000
SANDP-FUT,60,20200313,070000,2581.9000000
SANDP-FUT,60,20200313,160000,2655.2000000
SANDP-FUT,60,20200315,180000,2566.7000000
SANDP-FUT,60,20200316,040000,2555.5000000
SANDP-FUT,60,20200316,090000,2555.5000000
SANDP-FUT,60,20200316,160000,2404.8000000
SANDP-FUT,60,20200316,180000,2417.2000000
SANDP-FUT,60,20200316,190000,2434.8000000
SANDP-FUT,60,20200316,210000,2485.2000000
SANDP-FUT,60,20200316,220000,2475.7000000
SANDP-FUT,60,20200317,010000,2487.2000000
SANDP-FUT,60,20200317,040000,2448.2000000
SANDP-FUT,60,20200317,050000,2405.2000000
SANDP-FUT,60,20200317,060000,2443.7000000
SANDP-FUT,60,20200317,070000,2432.2000000
SANDP-FUT,60,20200317,080000,2421.4000000
SANDP-FUT,60,20200317,090000,2437.0000000
SANDP-FUT,60,20200317,160000,2481.7000000
SANDP-FUT,60,20200317,180000,2451.7000000
SANDP-FUT,60,20200317,190000,2425.6000000
SANDP-FUT,60,20200317,210000,2410.3000000
SANDP-FUT,60,20200317,220000,2447.1000000
SANDP-FUT,60,20200318,070000,2393.6000000
SANDP-FUT,60,20200318,080000,2393.5000000
SANDP-FUT,60,20200318,160000,2405.8000000
SANDP-FUT,60,20200318,180000,2452.3000000
SANDP-FUT,60,20200318,220000,2314.3000000
SANDP-FUT,60,20200319,020000,2351.3000000
SANDP-FUT,60,20200319,040000,2395.0000000
SANDP-FUT,60,20200319,050000,2395.9000000
SANDP-FUT,60,20200319,060000,2354.5000000
SANDP-FUT,60,20200319,070000,2339.4000000
SANDP-FUT,60,20200319,080000,2366.4000000
SANDP-FUT,60,20200319,160000,2355.3000000
SANDP-FUT,60,20200319,180000,2337.5000000
SANDP-FUT,60,20200319,190000,2348.0000000
SANDP-FUT,60,20200319,200000,2341.1000000
SANDP-FUT,60,20200319,210000,2359.0000000
SANDP-FUT,60,20200319,220000,2351.0000000
SANDP-FUT,60,20200320,000000,2396.5000000
SANDP-FUT,60,20200320,020000,2436.7000000
SANDP-FUT,60,20200320,030000,2457.7000000
SANDP-FUT,60,20200320,040000,2455.3000000
SANDP-FUT,60,20200320,050000,2491.9000000
SANDP-FUT,60,20200320,060000,2465.6000000
SANDP-FUT,60,20200320,070000,2435.8000000
SANDP-FUT,60,20200320,080000,2410.4000000
SANDP-FUT,60,20200320,090000,2411.3000000
SANDP-FUT,60,20200320,160000,2269.4000000
SANDP-FUT,60,20200322,180000,2177.1000000
SANDP-FUT,60,20200322,190000,2201.2000000
SANDP-FUT,60,20200322,200000,2179.8000000
SANDP-FUT,60,20200322,210000,2192.8000000
SANDP-FUT,60,20200323,000000,2207.7000000
SANDP-FUT,60,20200323,010000,2200.6000000
SANDP-FUT,60,20200323,020000,2210.4000000
SANDP-FUT,60,20200323,030000,2203.6000000
SANDP-FUT,60,20200323,040000,2204.9000000
SANDP-FUT,60,20200323,050000,2223.8000000
SANDP-FUT,60,20200323,060000,2238.0000000
SANDP-FUT,60,20200323,080000,2333.3000000
SANDP-FUT,60,20200323,090000,2325.5000000
SANDP-FUT,60,20200323,160000,2216.6000000
SANDP-FUT,60,20200323,180000,2256.1000000
SANDP-FUT,60,20200323,190000,2266.6000000
SANDP-FUT,60,20200323,200000,2266.4000000
SANDP-FUT,60,20200323,220000,2300.0000000
SANDP-FUT,60,20200323,230000,2282.6000000
SANDP-FUT,60,20200324,000000,2298.4000000
SANDP-FUT,60,20200324,020000,2321.1000000
SANDP-FUT,60,20200324,030000,2313.6000000
SANDP-FUT,60,20200324,040000,2320.9000000
SANDP-FUT,60,20200324,050000,2328.3000000
SANDP-FUT,60,20200324,070000,2332.5000000
SANDP-FUT,60,20200324,080000,2330.6000000
SANDP-FUT,60,20200324,160000,2442.3000000
SANDP-FUT,60,20200324,180000,2461.1000000
SANDP-FUT,60,20200324,190000,2422.6000000
SANDP-FUT,60,20200324,200000,2402.4000000
SANDP-FUT,60,20200324,210000,2427.8000000
SANDP-FUT,60,20200324,230000,2404.0000000
SANDP-FUT,60,20200325,000000,2412.8000000
SANDP-FUT,60,20200325,020000,2446.8000000
SANDP-FUT,60,20200325,030000,2463.8000000
SANDP-FUT,60,20200325,040000,2478.1000000
SANDP-FUT,60,20200325,050000,2492.7000000
SANDP-FUT,60,20200325,060000,2409.3000000
SANDP-FUT,60,20200325,090000,2430.1000000
SANDP-FUT,60,20200325,160000,2469.0000000
SANDP-FUT,60,20200325,180000,2474.2000000
SANDP-FUT,60,20200325,190000,2465.1000000
SANDP-FUT,60,20200325,210000,2451.8000000
SANDP-FUT,60,20200325,220000,2434.2000000
SANDP-FUT,60,20200326,000000,2454.9000000
SANDP-FUT,60,20200326,010000,2439.9000000
SANDP-FUT,60,20200326,020000,2442.9000000
SANDP-FUT,60,20200326,030000,2413.4000000
SANDP-FUT,60,20200326,040000,2426.5000000
SANDP-FUT,60,20200326,050000,2425.8000000
SANDP-FUT,60,20200326,060000,2440.4000000
SANDP-FUT,60,20200326,070000,2421.9000000
SANDP-FUT,60,20200326,080000,2458.7000000
SANDP-FUT,60,20200326,090000,2465.5000000
SANDP-FUT,60,20200326,160000,2618.4000000
SANDP-FUT,60,20200326,180000,2604.2000000
SANDP-FUT,60,20200326,190000,2630.8000000
SANDP-FUT,60,20200326,200000,2593.2000000
SANDP-FUT,60,20200326,210000,2570.0000000
SANDP-FUT,60,20200326,230000,2580.6000000
SANDP-FUT,60,20200327,000000,2564.6000000
SANDP-FUT,60,20200327,020000,2592.2000000
SANDP-FUT,60,20200327,030000,2580.0000000
SANDP-FUT,60,20200327,040000,2564.9000000
SANDP-FUT,60,20200327,050000,2554.4000000
SANDP-FUT,60,20200327,060000,2541.3000000
SANDP-FUT,60,20200327,070000,2533.9000000
SANDP-FUT,60,20200327,080000,2525.7000000
SANDP-FUT,60,20200327,160000,2520.6000000
SANDP-FUT,60,20200329,180000,2472.8000000
SANDP-FUT,60,20200329,210000,2490.9000000
SANDP-FUT,60,20200329,220000,2496.2000000
SANDP-FUT,60,20200329,230000,2501.1000000
SANDP-FUT,60,20200330,010000,2560.0000000
SANDP-FUT,60,20200330,020000,2534.2000000
SANDP-FUT,60,20200330,030000,2499.2000000
SANDP-FUT,60,20200330,040000,2519.7000000
SANDP-FUT,60,20200330,050000,2519.6000000
SANDP-FUT,60,20200330,060000,2533.4000000
SANDP-FUT,60,20200330,070000,2534.0000000
SANDP-FUT,60,20200330,080000,2555.9000000
SANDP-FUT,60,20200330,160000,2611.8000000
SANDP-FUT,60,20200330,180000,2621.7000000
SANDP-FUT,60,20200330,190000,2618.1000000
SANDP-FUT,60,20200330,200000,2620.5000000
SANDP-FUT,60,20200330,210000,2630.8000000
